Date,Day,Month Name,Month
1-Jan-20,1,January,1
2-Jan-20,2,January,1
3-Jan-20,3,January,1
4-Jan-20,4,January,1
5-Jan-20,5,January,1
6-Jan-20,6,January,1
7-Jan-20,7,January,1
8-Jan-20,8,January,1
9-Jan-20,9,January,1
10-Jan-20,10,January,1
11-Jan-20,11,January,1
12-Jan-20,12,January,1
13-Jan-20,13,January,1
14-Jan-20,14,January,1
15-Jan-20,15,January,1
16-Jan-20,16,January,1
17-Jan-20,17,January,1
18-Jan-20,18,January,1
19-Jan-20,19,January,1
20-Jan-20,20,January,1
21-Jan-20,21,January,1
22-Jan-20,22,January,1
23-Jan-20,23,January,1
24-Jan-20,24,January,1
25-Jan-20,25,January,1
26-Jan-20,26,January,1
27-Jan-20,27,January,1
28-Jan-20,28,January,1
29-Jan-20,29,January,1
30-Jan-20,30,January,1
31-Jan-20,31,January,1
1-Feb-20,1,February,2
2-Feb-20,2,February,2
3-Feb-20,3,February,2
4-Feb-20,4,February,2
5-Feb-20,5,February,2
6-Feb-20,6,February,2
7-Feb-20,7,February,2
8-Feb-20,8,February,2
9-Feb-20,9,February,2
10-Feb-20,10,February,2
11-Feb-20,11,February,2
12-Feb-20,12,February,2
13-Feb-20,13,February,2
14-Feb-20,14,February,2
15-Feb-20,15,February,2
16-Feb-20,16,February,2
17-Feb-20,17,February,2
18-Feb-20,18,February,2
19-Feb-20,19,February,2
20-Feb-20,20,February,2
21-Feb-20,21,February,2
22-Feb-20,22,February,2
23-Feb-20,23,February,2
24-Feb-20,24,February,2
25-Feb-20,25,February,2
26-Feb-20,26,February,2
27-Feb-20,27,February,2
28-Feb-20,28,February,2
29-Feb-20,29,February,2
1-Mar-20,1,March,3
2-Mar-20,2,March,3
3-Mar-20,3,March,3
4-Mar-20,4,March,3
5-Mar-20,5,March,3
6-Mar-20,6,March,3
7-Mar-20,7,March,3
8-Mar-20,8,March,3
9-Mar-20,9,March,3
10-Mar-20,10,March,3
11-Mar-20,11,March,3
12-Mar-20,12,March,3
13-Mar-20,13,March,3
14-Mar-20,14,March,3
15-Mar-20,15,March,3
16-Mar-20,16,March,3
17-Mar-20,17,March,3
18-Mar-20,18,March,3
19-Mar-20,19,March,3
20-Mar-20,20,March,3
21-Mar-20,21,March,3
22-Mar-20,22,March,3
23-Mar-20,23,March,3
24-Mar-20,24,March,3
25-Mar-20,25,March,3
26-Mar-20,26,March,3
27-Mar-20,27,March,3
28-Mar-20,28,March,3
29-Mar-20,29,March,3
30-Mar-20,30,March,3
31-Mar-20,31,March,3
1-Apr-20,1,April,4
2-Apr-20,2,April,4
3-Apr-20,3,April,4
4-Apr-20,4,April,4
5-Apr-20,5,April,4
6-Apr-20,6,April,4
7-Apr-20,7,April,4
8-Apr-20,8,April,4
9-Apr-20,9,April,4
10-Apr-20,10,April,4
11-Apr-20,11,April,4
12-Apr-20,12,April,4
13-Apr-20,13,April,4
14-Apr-20,14,April,4
15-Apr-20,15,April,4
16-Apr-20,16,April,4
17-Apr-20,17,April,4
18-Apr-20,18,April,4
19-Apr-20,19,April,4
20-Apr-20,20,April,4
21-Apr-20,21,April,4
22-Apr-20,22,April,4
23-Apr-20,23,April,4
24-Apr-20,24,April,4
25-Apr-20,25,April,4
26-Apr-20,26,April,4
27-Apr-20,27,April,4
28-Apr-20,28,April,4
29-Apr-20,29,April,4
30-Apr-20,30,April,4
1-May-20,1,May,5
2-May-20,2,May,5
3-May-20,3,May,5
4-May-20,4,May,5
5-May-20,5,May,5
6-May-20,6,May,5
7-May-20,7,May,5
8-May-20,8,May,5
9-May-20,9,May,5
10-May-20,10,May,5
11-May-20,11,May,5
12-May-20,12,May,5
13-May-20,13,May,5
14-May-20,14,May,5
15-May-20,15,May,5
16-May-20,16,May,5
17-May-20,17,May,5
18-May-20,18,May,5
19-May-20,19,May,5
20-May-20,20,May,5
21-May-20,21,May,5
22-May-20,22,May,5
23-May-20,23,May,5
24-May-20,24,May,5
25-May-20,25,May,5
26-May-20,26,May,5
27-May-20,27,May,5
28-May-20,28,May,5
29-May-20,29,May,5
30-May-20,30,May,5
31-May-20,31,May,5
1-Jun-20,1,June,6
2-Jun-20,2,June,6
3-Jun-20,3,June,6
4-Jun-20,4,June,6
5-Jun-20,5,June,6
6-Jun-20,6,June,6
7-Jun-20,7,June,6
8-Jun-20,8,June,6
9-Jun-20,9,June,6
10-Jun-20,10,June,6
11-Jun-20,11,June,6
12-Jun-20,12,June,6
13-Jun-20,13,June,6
14-Jun-20,14,June,6
15-Jun-20,15,June,6
16-Jun-20,16,June,6
17-Jun-20,17,June,6
18-Jun-20,18,June,6
19-Jun-20,19,June,6
20-Jun-20,20,June,6
21-Jun-20,21,June,6
22-Jun-20,22,June,6
23-Jun-20,23,June,6
24-Jun-20,24,June,6
25-Jun-20,25,June,6
26-Jun-20,26,June,6
27-Jun-20,27,June,6
28-Jun-20,28,June,6
29-Jun-20,29,June,6
30-Jun-20,30,June,6
1-Jul-20,1,July,7
2-Jul-20,2,July,7
3-Jul-20,3,July,7
4-Jul-20,4,July,7
5-Jul-20,5,July,7
6-Jul-20,6,July,7
7-Jul-20,7,July,7
8-Jul-20,8,July,7
9-Jul-20,9,July,7
10-Jul-20,10,July,7
11-Jul-20,11,July,7
12-Jul-20,12,July,7
13-Jul-20,13,July,7
14-Jul-20,14,July,7
15-Jul-20,15,July,7
16-Jul-20,16,July,7
17-Jul-20,17,July,7
18-Jul-20,18,July,7
19-Jul-20,19,July,7
20-Jul-20,20,July,7
21-Jul-20,21,July,7
22-Jul-20,22,July,7
23-Jul-20,23,July,7
24-Jul-20,24,July,7
25-Jul-20,25,July,7
26-Jul-20,26,July,7
27-Jul-20,27,July,7
28-Jul-20,28,July,7
29-Jul-20,29,July,7
30-Jul-20,30,July,7
31-Jul-20,31,July,7
1-Aug-20,1,August,8
2-Aug-20,2,August,8
3-Aug-20,3,August,8
4-Aug-20,4,August,8
5-Aug-20,5,August,8
6-Aug-20,6,August,8
7-Aug-20,7,August,8
8-Aug-20,8,August,8
9-Aug-20,9,August,8
10-Aug-20,10,August,8
11-Aug-20,11,August,8
12-Aug-20,12,August,8
13-Aug-20,13,August,8
14-Aug-20,14,August,8
15-Aug-20,15,August,8
16-Aug-20,16,August,8
17-Aug-20,17,August,8
18-Aug-20,18,August,8
19-Aug-20,19,August,8
20-Aug-20,20,August,8
21-Aug-20,21,August,8
22-Aug-20,22,August,8
23-Aug-20,23,August,8
24-Aug-20,24,August,8
25-Aug-20,25,August,8
26-Aug-20,26,August,8
27-Aug-20,27,August,8
28-Aug-20,28,August,8
29-Aug-20,29,August,8
30-Aug-20,30,August,8
31-Aug-20,31,August,8
1-Sep-20,1,September,9
2-Sep-20,2,September,9
3-Sep-20,3,September,9
4-Sep-20,4,September,9
5-Sep-20,5,September,9
6-Sep-20,6,September,9
7-Sep-20,7,September,9
8-Sep-20,8,September,9
9-Sep-20,9,September,9
10-Sep-20,10,September,9
11-Sep-20,11,September,9
12-Sep-20,12,September,9
13-Sep-20,13,September,9
14-Sep-20,14,September,9
15-Sep-20,15,September,9
16-Sep-20,16,September,9
17-Sep-20,17,September,9
18-Sep-20,18,September,9
19-Sep-20,19,September,9
20-Sep-20,20,September,9
21-Sep-20,21,September,9
22-Sep-20,22,September,9
23-Sep-20,23,September,9
24-Sep-20,24,September,9
25-Sep-20,25,September,9
26-Sep-20,26,September,9
27-Sep-20,27,September,9
28-Sep-20,28,September,9
29-Sep-20,29,September,9
30-Sep-20,30,September,9
1-Oct-20,1,October,10
2-Oct-20,2,October,10
3-Oct-20,3,October,10
4-Oct-20,4,October,10
5-Oct-20,5,October,10
6-Oct-20,6,October,10
7-Oct-20,7,October,10
8-Oct-20,8,October,10
9-Oct-20,9,October,10
10-Oct-20,10,October,10
11-Oct-20,11,October,10
12-Oct-20,12,October,10
13-Oct-20,13,October,10
14-Oct-20,14,October,10
15-Oct-20,15,October,10
16-Oct-20,16,October,10
17-Oct-20,17,October,10
18-Oct-20,18,October,10
19-Oct-20,19,October,10
20-Oct-20,20,October,10
21-Oct-20,21,October,10
22-Oct-20,22,October,10
23-Oct-20,23,October,10
24-Oct-20,24,October,10
25-Oct-20,25,October,10
26-Oct-20,26,October,10
27-Oct-20,27,October,10
28-Oct-20,28,October,10
29-Oct-20,29,October,10
30-Oct-20,30,October,10
31-Oct-20,31,October,10
1-Nov-20,1,November,11
2-Nov-20,2,November,11
3-Nov-20,3,November,11
4-Nov-20,4,November,11
5-Nov-20,5,November,11
6-Nov-20,6,November,11
7-Nov-20,7,November,11
8-Nov-20,8,November,11
9-Nov-20,9,November,11
10-Nov-20,10,November,11
11-Nov-20,11,November,11
12-Nov-20,12,November,11
13-Nov-20,13,November,11
14-Nov-20,14,November,11
15-Nov-20,15,November,11
16-Nov-20,16,November,11
17-Nov-20,17,November,11
18-Nov-20,18,November,11
19-Nov-20,19,November,11
20-Nov-20,20,November,11
21-Nov-20,21,November,11
22-Nov-20,22,November,11
23-Nov-20,23,November,11
24-Nov-20,24,November,11
25-Nov-20,25,November,11
26-Nov-20,26,November,11
27-Nov-20,27,November,11
28-Nov-20,28,November,11
29-Nov-20,29,November,11
30-Nov-20,30,November,11
1-Dec-20,1,December,12
2-Dec-20,2,December,12
3-Dec-20,3,December,12
4-Dec-20,4,December,12
5-Dec-20,5,December,12
6-Dec-20,6,December,12
7-Dec-20,7,December,12
8-Dec-20,8,December,12
9-Dec-20,9,December,12
10-Dec-20,10,December,12
11-Dec-20,11,December,12
12-Dec-20,12,December,12
13-Dec-20,13,December,12
14-Dec-20,14,December,12
15-Dec-20,15,December,12
16-Dec-20,16,December,12
17-Dec-20,17,December,12
18-Dec-20,18,December,12
19-Dec-20,19,December,12
20-Dec-20,20,December,12
21-Dec-20,21,December,12
22-Dec-20,22,December,12
23-Dec-20,23,December,12
24-Dec-20,24,December,12
25-Dec-20,25,December,12
26-Dec-20,26,December,12
27-Dec-20,27,December,12
28-Dec-20,28,December,12
29-Dec-20,29,December,12
30-Dec-20,30,December,12
31-Dec-20,31,December,12
